series_id,baseline_rmsse,global_rmsse,tft_rmsse,tft_vs_global_gain,best_model,tft_beats_global
FOODS_1_004_CA_1,1.5183759054752766,0.6795079065925987,0.6860813630840901,-0.006573456491491325,Global,False
FOODS_1_004_CA_3,1.6542243981285427,0.6291008911576744,0.39674342189625034,0.2323574692614241,TFT,True
FOODS_1_004_WI_2,1.417433368110108,0.6175353236693931,0.9370041192785769,-0.31946879560918373,Global,False
FOODS_1_012_CA_2,1.6952318540335634,1.175226224935027,1.0201919556919687,0.1550342692430582,TFT,True
FOODS_1_018_CA_1,1.1555045313189685,0.7396112035023819,0.887485860104211,-0.1478746566018292,Global,False
FOODS_1_018_CA_3,1.3163426804595797,1.1220352372219573,1.4003910556805805,-0.2783558184586232,Global,False
FOODS_1_018_WI_2,1.4060291945392167,0.8806764987644234,1.099157001474984,-0.21848050271056063,Global,False
FOODS_1_043_CA_3,1.333685526650276,0.5527568546162265,0.5256108370394589,0.0271460175767676,TFT,True
FOODS_1_046_TX_2,1.437730432194623,0.3696375593742014,0.3877512449741204,-0.018113685599918994,Global,False
FOODS_1_082_WI_2,3.853818079194614,0.9074292755509118,1.0802363624683886,-0.17280708691747682,Global,False
FOODS_1_085_CA_1,0.918941206246165,0.5907738517174124,0.6051070773726547,-0.01433322565524231,Global,False
FOODS_1_085_WI_1,1.1724449725561117,0.8132220880892339,0.9105770390936891,-0.09735495100445524,Global,False
FOODS_1_085_WI_2,1.2782312927898225,0.6325179260926832,0.6972123362392694,-0.06469441014658617,Global,False
FOODS_1_096_TX_3,3.567682511238764,1.41440029973853,1.893193825279257,-0.47879352554072696,Global,False
FOODS_1_096_WI_2,4.0572966288188095,1.686621084137692,2.097069957647163,-0.4104488735094711,Global,False
FOODS_1_161_CA_1,1.0113165156932642,0.7461730186572867,0.806397814579444,-0.06022479592215735,Global,False
FOODS_1_204_WI_2,2.5563803192836128,0.9361688691089168,1.0971306390719753,-0.16096176996305844,Global,False
FOODS_1_218_CA_1,1.1907711503552558,0.5976992879735303,0.48692753237237446,0.11077175560115587,TFT,True
FOODS_1_218_CA_2,1.3488435830680805,0.6935109424121177,0.6000174792118871,0.09349346320023066,TFT,True
FOODS_1_218_CA_3,1.4388077691753547,0.768128123322157,0.8889669718611586,-0.12083884853900162,Global,False
FOODS_1_218_TX_1,1.5387189505277152,0.808774149869367,0.9983575462819487,-0.1895833964125817,Global,False
FOODS_1_218_TX_2,1.6991965567184983,0.6165357514442753,0.4772833039929476,0.1392524474513277,TFT,True
FOODS_1_218_TX_3,1.3817446177505814,0.6214495888535234,0.573693332568889,0.047756256284634424,TFT,True
FOODS_1_218_WI_2,1.786491836997524,0.5485004433840385,0.6218229190063108,-0.07332247562227234,Global,False
FOODS_1_218_WI_3,1.6416364523071398,0.935024414352492,0.9663318041007889,-0.03130738974829694,Global,False
FOODS_2_016_WI_2,1.2419564737106217,0.7626018871069847,0.8815084177502841,-0.11890653064329937,Global,False
FOODS_2_019_CA_1,0.7631942849679545,0.3519781581671716,0.3039941760184924,0.047983982148679216,TFT,True
FOODS_2_019_CA_3,0.8109397872423377,0.3630571349619677,0.39313785398306883,-0.030080719021101154,Global,False
FOODS_2_021_CA_3,0.9766597778351036,0.3894713114387292,0.4204164659428827,-0.03094515450415347,Global,False
FOODS_2_021_WI_2,1.315183927914784,0.5147563581780041,0.46189138665328633,0.05286497152471781,TFT,True
FOODS_2_021_WI_3,0.9558304442003052,0.3065873683470276,0.3711654492434474,-0.06457808089641981,Global,False
FOODS_2_128_CA_3,0.94015860470972,0.4648170859714738,0.5402723665706759,-0.07545528059920209,Global,False
FOODS_2_128_TX_2,1.1078591805126985,0.2350056376497106,0.2714943405947439,-0.03648870294503331,Global,False
FOODS_2_128_TX_3,1.173543653351891,0.369167910795014,0.4389656216788217,-0.0697977108838077,Global,False
FOODS_2_128_WI_2,1.3619495828707646,0.8724412155351313,0.5305091691950272,0.3419320463401041,TFT,True
FOODS_2_128_WI_3,1.0013443897168974,0.3095358287220405,0.3703147881308933,-0.060778959408852806,Global,False
FOODS_2_181_CA_3,1.025437735058937,0.5991735228348594,0.5848518498154441,0.014321673019415226,TFT,True
FOODS_2_181_TX_1,1.0532477685912918,1.0577106672096697,1.4186041562466563,-0.3608934890369866,Baseline,False
FOODS_2_181_TX_2,1.0164541016440742,0.8241820539126812,0.8177381445625709,0.0064439093501102995,TFT,True
FOODS_2_181_TX_3,0.8856770867618787,0.39578849434877,0.44614765501522824,-0.050359160666458236,Global,False
FOODS_2_197_CA_1,0.8043474157534674,0.3296207802624395,0.34923181450381235,-0.019611034241372838,Global,False
FOODS_2_197_CA_3,0.8881849027248518,0.3093985811326504,0.38323956129473313,-0.07384098016208274,Global,False
FOODS_2_244_CA_1,1.072726078014868,0.3565072458782727,0.43475670079742496,-0.07824945491915225,Global,False
FOODS_2_244_CA_3,1.0556656625337095,0.3260181829145512,0.4054329335175745,-0.07941475060302328,Global,False
FOODS_2_276_CA_1,0.9153839150151848,0.3627276192472796,0.39880592305912405,-0.03607830381184446,Global,False
FOODS_2_276_CA_3,0.9201619369847552,0.2922002310696513,0.2966452362802639,-0.004445005210612585,Global,False
FOODS_2_276_TX_3,1.0141633759301047,0.3783159964291732,0.44292648919421956,-0.06461049276504638,Global,False
FOODS_2_326_CA_3,2.0324556729234327,1.11568968936924,1.1773288100605632,-0.06163912069132316,Global,False
FOODS_2_326_TX_1,1.4643683679996151,0.8918775534738334,0.9642549491374707,-0.07237739566363732,Global,False
FOODS_2_326_TX_2,1.1549586515326191,0.7900941701973604,0.7519126983914388,0.038181471805921574,TFT,True
FOODS_2_326_WI_2,1.6752931906719002,1.1013643781306557,1.0076029560163957,0.09376142211425997,TFT,True
FOODS_2_326_WI_3,1.388736930414129,0.7366074568215216,0.7861659118638282,-0.049558455042306604,Global,False
FOODS_2_347_CA_1,1.0837527626368473,0.6719303630258782,0.6218572276529681,0.05007313537291003,TFT,True
FOODS_2_347_CA_3,1.0227429683956626,0.5809464534151052,0.6111938078121166,-0.030247354397011428,Global,False
FOODS_2_360_CA_1,0.7650526806497387,0.3496244937905198,0.3976407931548144,-0.04801629936429458,Global,False
FOODS_2_360_CA_3,0.8086681393292482,0.4666353898771851,0.3376538067714926,0.12898158310569252,TFT,True
FOODS_2_360_TX_2,1.1660948003504974,0.4728138660957132,0.6291028894481528,-0.15628902335243966,Global,False
FOODS_2_360_TX_3,1.339061661321665,0.5357615196221315,0.5324215330478875,0.003339986574243947,TFT,True
FOODS_2_360_WI_1,1.4644808556499431,0.5562933538314869,0.7380298376291939,-0.18173648379770702,Global,False
FOODS_2_360_WI_2,0.9026119283330908,2.855941218729977,0.5089133969195917,2.3470278218103853,TFT,True
FOODS_2_360_WI_3,0.9478776243328104,0.4690972405776451,0.6215455166022926,-0.1524482760246475,Global,False
FOODS_2_364_WI_2,1.464947380944843,0.5332557013908091,0.5964784462227335,-0.06322274483192436,Global,False
FOODS_2_398_WI_2,2.4379705557776417,1.1157170905019744,1.0398399672443366,0.07587712325763785,TFT,True
FOODS_3_007_CA_3,0.9599904578178718,0.3701801753469373,0.33302551175392037,0.037154663593016946,TFT,True
FOODS_3_007_TX_1,0.940770919182328,0.498220700330319,0.44772465815988705,0.050496042170431965,TFT,True
FOODS_3_007_TX_2,1.004508360318788,0.5381900803739497,0.5046648619336636,0.03352521844028611,TFT,True
FOODS_3_007_WI_2,1.38410056886334,1.7119215731683226,0.7955113477237792,0.9164102254445434,TFT,True
FOODS_3_007_WI_3,1.245411043318379,0.8590545306196697,0.8774127686553213,-0.01835823803565151,Global,False
FOODS_3_030_CA_1,1.7210716269417412,0.6944670443262144,0.5165680510134911,0.1778989933127233,TFT,True
FOODS_3_030_TX_1,1.8345716762472783,0.4923688751983818,0.25130035138287543,0.24106852381550636,TFT,True
FOODS_3_030_TX_2,1.5276424014162548,0.4888727664845149,0.3068923214160404,0.1819804450684745,TFT,True
FOODS_3_030_TX_3,2.3869621498690456,0.5930983539749801,0.2467379614298885,0.34636039254509166,TFT,True
FOODS_3_042_WI_1,1.267488735208005,0.7975629734750734,0.8498438997670423,-0.0522809262919689,Global,False
FOODS_3_042_WI_3,1.2458875878044655,0.9126679200203546,0.806485395117685,0.10618252490266955,TFT,True
FOODS_3_064_CA_1,2.8617881843627204,1.0718967463841211,1.4175339490234695,-0.3456372026393484,Global,False
FOODS_3_070_WI_2,1.8563699212834115,2.0594427655734924,1.132039747692641,0.9274030178808514,TFT,True
FOODS_3_080_CA_1,0.8752156447565973,0.670900895944096,0.6866549480792783,-0.015754052135182328,Global,False
FOODS_3_080_CA_2,1.575384258906914,0.7514283129901868,0.7698087220841178,-0.018380409093931016,Global,False
FOODS_3_080_CA_3,1.0105391061839752,0.5968363698948389,0.6647396130876067,-0.06790324319276775,Global,False
FOODS_3_080_CA_4,1.4030442459276795,0.5317060063483142,0.6743343274634833,-0.1426283211151691,Global,False
FOODS_3_080_TX_1,1.1234404213988245,0.5787269093621447,0.6301490389404657,-0.05142212957832104,Global,False
FOODS_3_080_TX_2,1.2590668631828577,0.5872454068276834,0.6380683425572442,-0.05082293572956076,Global,False
FOODS_3_080_TX_3,1.2778856740111204,0.4698547684279915,0.5712502688900272,-0.10139550046203566,Global,False
FOODS_3_080_WI_1,1.2138350575181147,0.7109908970644322,0.7042049090939938,0.00678598797043839,TFT,True
FOODS_3_080_WI_3,1.474932224835095,0.6277185506417722,0.6163275931079324,0.011390957533839785,TFT,True
FOODS_3_086_CA_3,1.303307204508683,1.2871543408979902,1.3799427925567271,-0.09278845165873695,Global,False
FOODS_3_086_TX_3,2.3234417780309924,0.6853028063083635,0.6966370398912562,-0.011334233582892761,Global,False
FOODS_3_086_WI_3,2.1626924798543508,1.1673077156700995,1.139009584803674,0.02829813086642541,TFT,True
FOODS_3_090_CA_1,1.3847160991227108,1.5964501234085893,0.3314168044939629,1.2650333189146263,TFT,True
FOODS_3_090_CA_2,1.391616383443215,1.4871714732534986,0.7519880820399983,0.7351833912135003,TFT,True
FOODS_3_090_CA_3,1.302483211549352,3.631295992719824,0.3480539376884418,3.283242055031382,TFT,True
FOODS_3_090_CA_4,1.327194272046389,0.8949940903735983,0.4238144782387856,0.47117961213481274,TFT,True
FOODS_3_090_TX_1,1.4311280070326005,1.230659215647229,0.3483428357296964,0.8823163799175325,TFT,True
FOODS_3_090_TX_2,1.377291655961837,1.6578004407908438,0.27650925104402024,1.3812911897468236,TFT,True
FOODS_3_090_TX_3,1.3546929346919638,1.3009566920400195,0.3512095196352625,0.949747172404757,TFT,True
FOODS_3_090_WI_1,1.5004450015089694,0.7467236099767256,0.40282272411387654,0.34390088586284906,TFT,True
FOODS_3_090_WI_2,1.5519825811461585,0.9107772000701015,0.5934921076661805,0.317285092403921,TFT,True
FOODS_3_090_WI_3,1.5333933340471648,2.145959110378812,0.33433649710036717,1.8116226132784448,TFT,True
FOODS_3_099_CA_1,1.213721476233158,0.6664899717109075,0.6162892153380216,0.0502007563728859,TFT,True
FOODS_3_099_CA_3,1.070860586812039,0.4423752125261364,0.5175019321614235,-0.07512671963528711,Global,False
FOODS_3_099_CA_4,0.963949337313312,0.7982773256922685,0.8586318660929679,-0.06035454040069943,Global,False
FOODS_3_099_TX_1,0.9679670248050818,0.5580633270836368,0.6497539956226803,-0.09169066853904351,Global,False
FOODS_3_099_TX_2,1.450421408287342,0.8214814666936224,1.4011501537893822,-0.5796686870957598,Global,False
FOODS_3_099_TX_3,1.1537100532224371,0.6473217057766256,1.108391054032096,-0.4610693482554704,Global,False
FOODS_3_099_WI_2,1.0681933659429932,0.6656988237117196,0.6940686364157228,-0.028369812704003183,Global,False
FOODS_3_099_WI_3,1.0470890126993264,0.8852935173942431,1.036725291492821,-0.151431774098578,Global,False
FOODS_3_107_CA_3,4.171920166891725,0.6442679801369549,0.7743190220594725,-0.1300510419225176,Global,False
FOODS_3_109_CA_3,0.8953870246694334,0.2667512108628312,0.22764830140951725,0.03910290945331396,TFT,True
FOODS_3_109_TX_2,1.0165811659341568,0.2759140088520168,0.2407341847223833,0.03517982412963347,TFT,True
FOODS_3_109_TX_3,1.3243015713758528,0.5949528221015645,0.7846918465951631,-0.18973902449359858,Global,False
FOODS_3_109_WI_2,1.2580064083653266,0.6161943673897163,0.6525145474706395,-0.03632018008092319,Global,False
FOODS_3_109_WI_3,1.280399812215257,0.9975276164629852,0.8071093148598697,0.19041830160311546,TFT,True
FOODS_3_120_CA_1,1.6544420449616262,1.5413072924773044,1.084049955276337,0.4572573372009674,TFT,True
FOODS_3_120_CA_3,1.9723574034714653,2.588616805651653,0.8916390047240623,1.6969778009275907,TFT,True
FOODS_3_120_TX_3,3.981039219132217,1.9267458659892616,2.3782003072233087,-0.4514544412340471,Global,False
FOODS_3_120_WI_2,1.6449578679767995,0.9318275784201576,0.9228022793631737,0.009025299056983904,TFT,True
FOODS_3_120_WI_3,2.17055431757205,0.9828288793918478,1.009916662418311,-0.027087783026463086,Global,False
FOODS_3_133_CA_3,1.143155692811867,0.7783899482990624,0.8938445834604364,-0.115454635161374,Global,False
FOODS_3_134_WI_2,0.9243313765159226,0.49302896834499,0.7797291662856967,-0.28670019794070667,Global,False
FOODS_3_136_TX_1,1.0723287986596308,0.6339138649853147,0.6798443203267681,-0.04593045534145346,Global,False
FOODS_3_150_CA_3,1.302189205469228,0.2666754472206482,0.3026908539810568,-0.0360154067604086,Global,False
FOODS_3_150_TX_1,1.490125982491732,0.3481221563980626,0.38549416311247675,-0.03737200671441415,Global,False
FOODS_3_150_TX_2,1.2068568156662107,0.2422240794456184,0.35125060281406234,-0.10902652336844393,Global,False
FOODS_3_150_WI_2,1.9016464575796912,0.8195474463316538,1.0236026840047907,-0.20405523767313694,Global,False
FOODS_3_150_WI_3,0.9884387708419716,0.3040952583924078,0.35848439528635934,-0.05438913689395153,Global,False
FOODS_3_154_TX_3,1.0937249955847177,0.3608323876361475,0.42577874158759965,-0.06494635395145215,Global,False
FOODS_3_154_WI_2,1.1310344317082477,1.1085734307518966,0.8112259027178206,0.29734752803407605,TFT,True
FOODS_3_154_WI_3,0.8222033070148262,0.4428148156383535,0.4087218044636508,0.0340930111747027,TFT,True
FOODS_3_202_CA_1,1.2864700327973473,0.6801511839583095,0.8171134491265454,-0.13696226516823584,Global,False
FOODS_3_202_CA_2,1.5906007841178968,1.1545571207435463,1.7276874120354637,-0.5731302912919174,Global,False
FOODS_3_202_CA_3,0.8965219317343083,0.6308212981164308,0.46275678371423956,0.16806451440219128,TFT,True
FOODS_3_202_CA_4,1.2816421094026689,0.7708894102218264,1.1430817965473254,-0.372192386325499,Global,False
FOODS_3_202_TX_1,1.4380885104874086,0.7683174192110482,0.9890490638538856,-0.22073164464283734,Global,False
FOODS_3_202_TX_2,1.4816028392767269,0.8177889184504694,1.0226197121718443,-0.20483079372137492,Global,False
FOODS_3_202_TX_3,1.3150871469780452,0.7998381204503044,0.9909051470674065,-0.19106702661710206,Global,False
FOODS_3_202_WI_3,1.3341332735419058,0.7070611035115444,0.9757973936924726,-0.26873629018092826,Global,False
FOODS_3_226_CA_3,1.366971677071794,0.622631219521295,0.6474292277267312,-0.024798008205436206,Global,False
FOODS_3_226_TX_1,1.6645221590482038,0.980385933215246,0.8940678757196114,0.08631805749563459,TFT,True
FOODS_3_226_TX_2,1.5638158795082435,0.864933953542866,0.8598066701313043,0.005127283411561656,TFT,True
FOODS_3_226_TX_3,1.877995753352303,1.1271934676933018,1.1125669294499103,0.01462653824339144,TFT,True
FOODS_3_226_WI_1,1.7196251400572151,0.8351292999605622,0.9856755373778213,-0.15054623741725914,Global,False
FOODS_3_226_WI_2,1.5801664209748183,0.7163879961330906,0.7702243420884156,-0.05383634595532505,Global,False
FOODS_3_226_WI_3,0.9633343662616304,0.7451446283460081,0.7828881354760274,-0.03774350713001928,Global,False
FOODS_3_227_TX_2,1.5847364926556928,0.6879177283159299,0.8811462348693357,-0.19322850655340584,Global,False
FOODS_3_228_CA_1,0.9780621731852664,0.5840045275735111,0.6993453632236167,-0.11534083565010567,Global,False
FOODS_3_228_CA_2,1.3980386000580225,0.7619818873029608,0.8059248077808465,-0.04394292047788573,Global,False
FOODS_3_228_CA_3,1.09742533197732,0.7199036924447102,0.8482650348486878,-0.12836134240397756,Global,False
FOODS_3_228_TX_2,1.2041273435538322,0.5912294206987391,0.67355522211175,-0.08232580141301094,Global,False
FOODS_3_228_TX_3,1.2066610817983268,0.6576477596198012,0.7591533277302168,-0.10150556811041567,Global,False
FOODS_3_233_CA_3,4.096013410713371,0.9593071633537016,1.2078070286084959,-0.24849986525479428,Global,False
FOODS_3_234_CA_1,0.9960405574091816,0.5742756641226627,0.5907964001535718,-0.01652073603090909,Global,False
FOODS_3_234_CA_3,0.9353380857132017,0.4938659436183471,0.46824913969343784,0.02561680392490928,TFT,True
FOODS_3_234_TX_1,1.0304786443363958,0.4489140631101457,0.41576340333866657,0.03315065977147913,TFT,True
FOODS_3_234_TX_2,1.1723840534849836,0.92868244096039,0.8545174912058842,0.07416494975450583,TFT,True
FOODS_3_234_TX_3,1.179480816879383,0.7008252116603968,0.7819884062651352,-0.08116319460473842,Global,False
FOODS_3_234_WI_2,1.4804333375144114,2.0080283343630505,0.9810018076896526,1.027026526673398,TFT,True
FOODS_3_234_WI_3,1.0656641771209463,0.7719391302336891,0.5907416041400504,0.1811975260936387,TFT,True
FOODS_3_245_CA_3,3.302397808216876,0.360902431382524,0.37648454281770044,-0.01558211143517646,Global,False
FOODS_3_252_CA_1,1.08302758208072,0.6406670432823802,0.715471443415886,-0.07480440013350576,Global,False
FOODS_3_252_CA_2,1.8083378869854008,1.0188180452084636,1.1470889034199272,-0.12827085821146356,Global,False
FOODS_3_252_CA_3,1.1838102300114812,0.6892809661162687,0.7347152920066147,-0.04543432589034602,Global,False
FOODS_3_252_CA_4,1.3751715492777676,0.6649998996232116,0.7193107932206914,-0.05431089359747976,Global,False
FOODS_3_252_TX_1,1.373294019068885,0.770364434705178,0.8322143719147868,-0.06184993720960874,Global,False
FOODS_3_252_TX_2,1.1015911225273527,0.9233615865216228,0.7223916504760338,0.200969936045589,TFT,True
FOODS_3_252_TX_3,1.1551269832433415,0.8316877254102278,0.8185176517482183,0.013170073662009507,TFT,True
FOODS_3_252_WI_1,1.0124209840562106,0.7821624046750908,0.7982840697815272,-0.016121665106436422,Global,False
FOODS_3_252_WI_3,1.2746454076955631,0.582980466057463,0.5443013265203651,0.038679139537097895,TFT,True
FOODS_3_263_CA_3,2.9174036348636485,0.9115400748693808,0.9074339291516169,0.004106145717763909,TFT,True
FOODS_3_281_CA_1,2.1143891613263537,0.4640334122417743,0.4087310281271065,0.05530238411466781,TFT,True
FOODS_3_281_CA_3,2.221449716390734,0.714265652203043,0.2767660261221522,0.4374996260808909,TFT,True
FOODS_3_281_WI_2,2.5147899384588994,0.6210752940445448,0.45620419796812817,0.1648710960764166,TFT,True
FOODS_3_281_WI_3,1.8271169782478147,0.5178146504949955,0.36024207759424914,0.1575725729007464,TFT,True
FOODS_3_282_CA_1,5.229315768958294,1.1629911612126749,0.9967803205966833,0.16621084061599156,TFT,True
FOODS_3_282_CA_3,5.758583536976783,1.2692394307363513,1.2642618903047647,0.004977540431586602,TFT,True
FOODS_3_282_TX_2,4.218548214760296,1.160247753541792,1.3643985799165312,-0.20415082637473914,Global,False
FOODS_3_282_WI_2,3.559602088184077,1.227003635134667,1.244361648038978,-0.01735801290431116,Global,False
FOODS_3_282_WI_3,5.243459702103731,1.515761651970728,1.5113687264267184,0.004392925544009607,TFT,True
FOODS_3_288_CA_1,4.236948034011992,0.4957614043192332,0.522649364865741,-0.026887960546507772,Global,False
FOODS_3_288_CA_2,3.403825317694609,0.8846312563334398,1.0602349037144088,-0.175603647380969,Global,False
FOODS_3_288_CA_3,3.4300117087275104,0.8755365282713301,0.7503348013838745,0.12520172688745557,TFT,True
FOODS_3_288_WI_2,3.220568958139212,0.908132382124442,1.0571073000916582,-0.14897491796721618,Global,False
FOODS_3_295_CA_1,1.6077038825779335,1.4853974118900954,1.4860186757089524,-0.0006212638188569652,Global,False
FOODS_3_295_CA_3,1.148414187557414,0.586376882586248,0.7610052941273925,-0.1746284115411445,Global,False
FOODS_3_295_TX_2,1.0110594718407264,0.6350254015362609,0.5833402151458412,0.051685186390419635,TFT,True
FOODS_3_295_WI_1,1.456666797643074,0.612790186646946,0.8895843740090965,-0.27679418736215056,Global,False
FOODS_3_295_WI_3,1.1624191555590144,0.8018008581262132,0.9168625308774547,-0.11506167275124157,Global,False
FOODS_3_313_CA_3,0.5496443997589685,1.4571626322567084,0.3029139136453297,1.1542487186113788,TFT,True
FOODS_3_318_CA_1,1.4659858574697924,0.5243543051289603,0.2385161226787634,0.2858381824501969,TFT,True
FOODS_3_318_CA_2,1.6076538148905488,0.8210415335087126,0.6995314187270455,0.12151011478166707,TFT,True
FOODS_3_318_CA_3,1.6931375897621386,0.6815419529005671,0.3658617769911605,0.31568017590940656,TFT,True
FOODS_3_318_WI_1,1.8376399084160864,0.7286490168033577,0.4884154302238719,0.2402335865794858,TFT,True
FOODS_3_318_WI_2,1.7407240203098795,0.9098042268091148,0.3635743408675425,0.5462298859415723,TFT,True
FOODS_3_318_WI_3,1.5730520276233226,0.7223091927824984,0.16889961074872475,0.5534095820337737,TFT,True
FOODS_3_319_CA_1,1.657797423440538,0.344422256639103,0.27203870402006186,0.07238355261904111,TFT,True
FOODS_3_319_CA_2,1.6147154898446558,1.0456439271709612,1.1494640383827182,-0.10382011121175694,Global,False
FOODS_3_319_CA_3,1.427976734412835,0.6034832503260883,0.24943144445562443,0.35405180587046386,TFT,True
FOODS_3_319_TX_2,1.4474903063418836,0.5266249673406226,0.31940155585128044,0.20722341148934215,TFT,True
FOODS_3_319_TX_3,1.284852286847178,0.246732250426949,0.223530194269491,0.02320205615745799,TFT,True
FOODS_3_319_WI_3,1.4808632126664427,0.9397494883217806,0.5919588213327611,0.3477906669890195,TFT,True
FOODS_3_327_CA_3,1.330384858004686,0.2813119953241439,0.4471479951930794,-0.1658359998689355,Global,False
FOODS_3_329_CA_1,3.289771933438028,0.939686635772152,0.8483667534224862,0.0913198823496657,TFT,True
FOODS_3_329_CA_3,3.2669160759858946,1.0852098718328171,0.853483375629762,0.2317264962030552,TFT,True
FOODS_3_329_TX_2,3.558537621342645,0.932987066995652,0.9419369264585775,-0.00894985946292548,Global,False
FOODS_3_329_WI_2,2.521150731132499,0.7126145224984765,0.705933881252884,0.0066806412455924225,TFT,True
FOODS_3_329_WI_3,2.562262306240448,0.9383379508517032,0.797928443342476,0.1404095075092272,TFT,True
FOODS_3_348_CA_3,1.0540875450812248,0.765563596921992,1.067439120560049,-0.30187552363805703,Global,False
FOODS_3_351_CA_1,1.5301012917472494,0.5550202525594484,0.5364525399392904,0.018567712620157995,TFT,True
FOODS_3_362_CA_1,3.473471139138234,0.8450402922505986,1.1028550484007575,-0.2578147561501589,Global,False
FOODS_3_362_CA_3,3.212411183994449,1.1568716687075706,0.9444209431927533,0.21245072551481736,TFT,True
FOODS_3_362_TX_2,2.755105484308769,0.8996965008042889,1.1456684164981865,-0.24597191569389765,Global,False
FOODS_3_376_CA_1,1.320355895272714,0.2127746201744757,0.21149182510013595,0.0012827950743397598,TFT,True
FOODS_3_376_CA_3,0.8653461595749851,0.3617158534899102,0.26579128072605773,0.09592457276385247,TFT,True
FOODS_3_376_TX_1,1.0447201891734617,0.286323002547417,0.2915871003580586,-0.0052640978106416325,Global,False
FOODS_3_376_TX_2,1.085525422099578,0.3660396325784368,0.3747094733012565,-0.008669840722819677,Global,False
FOODS_3_376_TX_3,1.175550130764624,0.5857212690060486,0.6568258246276855,-0.07110455562163687,Global,False
FOODS_3_376_WI_2,1.2442885631300238,0.9546673688484888,0.7553752040559933,0.19929216479249545,TFT,True
FOODS_3_376_WI_3,1.1540201520609568,0.8432833443708312,0.6587681571479358,0.1845151872228954,TFT,True
FOODS_3_377_CA_1,1.0350723906565888,0.833820396350208,0.8085595400950837,0.02526085625512431,TFT,True
FOODS_3_377_CA_3,0.9981029657113564,0.6186245754779238,0.6367923801907035,-0.018167804712779678,Global,False
FOODS_3_377_TX_1,1.6011929627343429,0.977396734946898,0.944890149549056,0.032506585397842014,TFT,True
FOODS_3_377_TX_2,0.996270440078486,0.6711551937156528,0.7111362039434654,-0.03998101022781264,Global,False
FOODS_3_377_TX_3,1.2015912906215245,0.7938376941227752,1.015457169293119,-0.22161947517034375,Global,False
FOODS_3_377_WI_3,1.0971058732244072,0.3750582519809504,0.3864203194057258,-0.011362067424775413,Global,False
FOODS_3_389_CA_1,0.943148838303969,0.587085033474751,0.6842920508820738,-0.09720701740732274,Global,False
FOODS_3_389_CA_3,1.2382619121322476,0.6056266324646077,0.669550247570352,-0.06392361510574429,Global,False
FOODS_3_389_TX_2,1.5700243882035338,0.8606836283585375,0.9746098855553849,-0.11392625719684735,Global,False
FOODS_3_389_WI_3,1.090931605420318,0.5094870362628725,0.5603316066671813,-0.050844570404308786,Global,False
FOODS_3_403_CA_3,2.7914369806890447,0.758483825556213,0.7890154520041222,-0.030531626447909188,Global,False
FOODS_3_404_CA_3,1.5358263587587242,0.6567206744153415,0.43371675564517903,0.2230039187701625,TFT,True
FOODS_3_404_TX_2,1.162192599249073,0.5279892817441307,0.45249006086097066,0.07549922088316008,TFT,True
FOODS_3_406_CA_1,1.55976161570144,1.1353774473990728,1.3161863724235225,-0.18080892502444978,Global,False
FOODS_3_406_CA_3,1.2993276914590488,0.6904550332387356,0.7025746896249047,-0.012119656386169075,Global,False
FOODS_3_406_TX_2,0.8865762209367254,0.697733878587511,0.5450516172826239,0.15268226130488716,TFT,True
FOODS_3_412_CA_3,0.9551300056263198,0.4603423755082324,0.4234786241774218,0.0368637513308106,TFT,True
FOODS_3_412_WI_2,1.4091019624490155,1.421410088582986,0.7918307252852222,0.6295793632977637,TFT,True
FOODS_3_412_WI_3,0.8197084216995077,0.714191176856478,0.6487791333007491,0.06541204355572894,TFT,True
FOODS_3_435_WI_1,1.902050506393692,0.556702447484583,0.5643828023994979,-0.007680354914914922,Global,False
FOODS_3_435_WI_2,1.91340057301152,0.9431189169698156,0.5726627993813287,0.37045611758848696,TFT,True
FOODS_3_435_WI_3,1.854850307043846,0.4620817295885157,0.32216886216593577,0.1399128674225799,TFT,True
FOODS_3_444_TX_2,3.28197410074595,0.4526559725470891,0.7854520303567979,-0.3327960578097088,Global,False
FOODS_3_444_WI_2,2.663013701589693,0.7312864908073801,0.5911225903872142,0.1401639004201659,TFT,True
FOODS_3_454_CA_3,1.1444075829895344,0.5166828465962384,0.3797348716407349,0.13694797495550354,TFT,True
FOODS_3_454_WI_2,1.32715887836641,1.0410710483609291,0.790142421447373,0.2509286269135561,TFT,True
FOODS_3_455_CA_1,2.8448424932424463,0.3345069168752412,0.32501532795268223,0.009491588922558969,TFT,True
FOODS_3_455_CA_3,2.8224517384724077,0.520309743870023,0.4927276145078047,0.02758212936221832,TFT,True
FOODS_3_455_TX_1,2.9947182255821776,0.6880548567334273,0.6459190126854228,0.04213584404800441,TFT,True
FOODS_3_455_TX_2,2.3945674873649474,0.4467508857655172,0.4214047234536519,0.025346162311865317,TFT,True
FOODS_3_455_TX_3,2.2848933623526166,0.8167069549306717,0.9491773818523803,-0.13247042692170863,Global,False
FOODS_3_458_CA_3,1.713044227958353,0.9049803377461056,0.877607747890735,0.02737258985537061,TFT,True
FOODS_3_458_TX_1,1.5201126283169102,0.5422890032031474,0.5327770898856189,0.009511913317528542,TFT,True
FOODS_3_458_TX_2,1.1044308481082434,0.4488198263104275,0.5818667509719987,-0.1330469246615712,Global,False
FOODS_3_458_TX_3,1.5346678033102945,0.7247154630721192,0.8269144578974844,-0.10219899482536521,Global,False
FOODS_3_458_WI_2,1.720521973694263,0.9162803565839628,1.0510596050376217,-0.13477924845365896,Global,False
FOODS_3_458_WI_3,1.6950415663925604,0.7005500046376729,0.673967047891506,0.026582956746166952,TFT,True
FOODS_3_462_CA_3,1.0452476944742124,0.3159577823479548,0.25959456236070766,0.05636321998724714,TFT,True
FOODS_3_462_TX_1,1.337143917677898,0.3051663975930158,0.34853544808186576,-0.04336905048884998,Global,False
FOODS_3_462_TX_2,1.2440466430259367,0.2684687228466901,0.2778988929175382,-0.00943017007084812,Global,False
FOODS_3_462_TX_3,1.4327472976639637,0.5422554336580907,0.6083019253473039,-0.06604649168921317,Global,False
FOODS_3_462_WI_2,1.6327937079749897,0.6980114520566115,0.6035315746341985,0.09447987742241304,TFT,True
FOODS_3_462_WI_3,1.0845312876803788,0.2398865497194887,0.22908808980704762,0.010798459912441077,TFT,True
FOODS_3_473_CA_1,1.1042087573399098,0.6757380273424751,0.7050470954682782,-0.02930906812580303,Global,False
FOODS_3_474_CA_3,0.9581697201033262,0.4761118286046359,0.3830540214790904,0.09305780712554551,TFT,True
FOODS_3_491_CA_1,1.4407082387392507,0.5664922855955656,0.3856181431406226,0.18087414245494304,TFT,True
FOODS_3_491_CA_2,1.204134304432694,0.7578739682471485,0.5030060913775547,0.2548678768695938,TFT,True
FOODS_3_491_CA_3,1.218241969690486,0.4160919714971334,0.37185252157595233,0.04423944992118106,TFT,True
FOODS_3_491_CA_4,1.254479726107416,0.6565878035841,0.53252417564623,0.12406362793786996,TFT,True
FOODS_3_491_TX_2,1.3401115402101094,0.4619399496284154,0.3506088729341105,0.11133107669430486,TFT,True
FOODS_3_491_WI_1,1.646217211238716,0.7116884150360512,0.40480718614807965,0.30688122888797154,TFT,True
FOODS_3_491_WI_3,1.5124827341826002,0.592675194964962,0.45534663168755873,0.13732856327740328,TFT,True
FOODS_3_498_CA_3,0.9497583399155513,0.6583455570869879,0.583605775694374,0.07473978139261395,TFT,True
FOODS_3_498_WI_2,1.320373268997351,1.654497421650594,0.9466622327030354,0.7078351889475587,TFT,True
FOODS_3_498_WI_3,0.9995479772395952,0.8028929182846036,0.6418576479482373,0.16103527033636633,TFT,True
FOODS_3_499_CA_1,3.602500257105145,1.200579171281876,1.241596940080702,-0.041017768798826015,Global,False
FOODS_3_499_CA_3,3.691920268822416,1.4444770247527394,1.7017657568147146,-0.2572887320619752,Global,False
FOODS_3_501_CA_1,1.6961358018848482,1.467534349768545,1.6631007014698074,-0.19556635170126246,Global,False
FOODS_3_501_CA_3,1.1938846721494072,0.7309048791281341,0.7591817825440669,-0.028276903415932808,Global,False
FOODS_3_501_TX_2,0.9147729562198272,0.4922568313357429,0.3945852759253592,0.09767155541038369,TFT,True
FOODS_3_501_WI_3,1.009895250868792,0.7310602230515538,0.8002385742686714,-0.06917835121711757,Global,False
FOODS_3_516_CA_3,2.330516380275692,1.086512699878919,1.328837500867648,-0.2423248009887291,Global,False
FOODS_3_516_TX_2,1.9112775979641048,0.739611139394438,0.7332586877001075,0.006352451694330519,TFT,True
FOODS_3_524_CA_3,1.943013285854739,0.6556773602899368,0.6233169323701583,0.032360427919778556,TFT,True
FOODS_3_541_CA_1,1.756466177479053,0.3992453547631344,0.2599079150603263,0.1393374397028081,TFT,True
FOODS_3_541_CA_2,1.3671753406835558,0.9794849396116128,0.9369245464824386,0.042560393129174146,TFT,True
FOODS_3_541_CA_3,1.445166495548836,0.7827923619819164,0.3205608506164809,0.4622315113654355,TFT,True
FOODS_3_541_CA_4,1.4430642610141198,0.2839063413178227,0.1897383422715942,0.09416799904622852,TFT,True
FOODS_3_541_TX_1,1.445134085197033,0.2515369971348041,0.2228277860985332,0.028709211036270887,TFT,True
FOODS_3_541_TX_2,1.2332633512211664,0.333611273590498,0.3129979139276003,0.020613359662897734,TFT,True
FOODS_3_541_TX_3,1.158468462476205,0.3958234091692307,0.39614230776383436,-0.000318898594603656,Global,False
FOODS_3_541_WI_3,1.405666751225353,0.572302530433828,0.3116861931214111,0.26061633731241685,TFT,True
FOODS_3_547_CA_3,0.9537139701321118,0.4668803486814576,0.48885741865092686,-0.021977069969469243,Global,False
FOODS_3_547_TX_2,0.8763774202557703,0.5699812716592246,0.4976263168385587,0.07235495482066595,TFT,True
FOODS_3_547_WI_2,1.3712473108792795,1.401626540594335,0.7294526033643328,0.6721739372300021,TFT,True
FOODS_3_547_WI_3,0.844285882242053,0.6411217090234063,0.48402947929313545,0.15709222973027082,TFT,True
FOODS_3_555_CA_1,0.7867121432585559,0.5496510268469961,0.572688328715455,-0.02303730186845898,Global,False
FOODS_3_555_CA_2,1.9838318172895597,1.135707609298235,1.4752108959666566,-0.33950328666842156,Global,False
FOODS_3_555_CA_3,1.2697669070793336,0.5726498577891062,0.5610323110484856,0.011617546740620543,TFT,True
FOODS_3_555_TX_1,1.4655158595013624,0.5007317295182906,0.43746109836560915,0.06327063115268144,TFT,True
FOODS_3_555_TX_2,1.1849309450017191,0.727029929506141,0.8354955440666771,-0.10846561456053616,Global,False
FOODS_3_555_TX_3,1.3228657331187248,0.7783427395380735,0.821242848328696,-0.04290010879062245,Global,False
FOODS_3_555_WI_1,0.755019378195789,0.5643163068481575,0.5701166725400629,-0.005800365691905451,Global,False
FOODS_3_555_WI_2,1.5338087833227891,0.70029194592313,0.8320176372945458,-0.13172569137141577,Global,False
FOODS_3_555_WI_3,1.413195697538288,0.5320675224151479,0.5201168828271056,0.011950639588042322,TFT,True
FOODS_3_570_CA_3,1.3072669266748775,0.7343837511478599,0.8262652551633641,-0.09188150401550421,Global,False
FOODS_3_574_TX_2,1.4294928600651755,0.2170870983271421,0.24803677122586185,-0.03094967289871975,Global,False
FOODS_3_580_CA_3,0.8693237826918624,0.6661853380518886,0.4374958419292492,0.22868949612263945,TFT,True
FOODS_3_580_WI_2,1.2312827854113932,1.3606105240975075,0.8520985428784318,0.5085119812190757,TFT,True
FOODS_3_580_WI_3,0.7449741966469358,0.5273348491776947,0.4446496953708861,0.08268515380680858,TFT,True
FOODS_3_586_CA_1,0.8298434978124698,0.4398892167480334,0.6259280459406632,-0.18603882919262982,Global,False
FOODS_3_586_CA_2,1.7481826471091706,0.8244507351701926,1.0572316843415224,-0.23278094917132974,Global,False
FOODS_3_586_CA_3,0.8649702887961762,0.7057755242673106,0.7652153492543154,-0.05943982498700484,Global,False
FOODS_3_586_CA_4,1.6006630263811048,0.5839915530050452,0.8072297149642671,-0.22323816195922186,Global,False
FOODS_3_586_TX_1,1.3769059970329485,0.8003846578761772,0.7356943395561628,0.06469031832001437,TFT,True
FOODS_3_586_TX_2,0.892048413199595,1.1360851696437522,0.7598461768566501,0.37623899278710204,TFT,True
FOODS_3_586_TX_3,1.2810196028200895,1.2970161739348725,0.7774018948774941,0.5196142790573783,TFT,True
FOODS_3_586_WI_1,1.3174978004824214,0.7507952703416771,0.7183213731899285,0.03247389715174864,TFT,True
FOODS_3_586_WI_2,1.643331314400292,0.6238600432133854,0.7099390305588869,-0.08607898734550146,Global,False
FOODS_3_586_WI_3,1.24797253420419,0.5206721248918209,0.6786710568803875,-0.15799893198856663,Global,False
FOODS_3_587_CA_1,2.573648972108009,0.6213988638148257,0.514005748435852,0.10739311537897367,TFT,True
FOODS_3_587_CA_2,2.281560091968911,0.9290329976270872,1.0639495624634463,-0.13491656483635905,Global,False
FOODS_3_587_CA_3,1.543607429816409,0.6553894613867755,0.362002258637633,0.29338720274914243,TFT,True
FOODS_3_587_CA_4,2.9071551402204383,0.6241082750103306,0.6202111356268182,0.003897139383512438,TFT,True
FOODS_3_587_TX_1,2.4456098322614075,0.8450449275021283,0.8282471378981533,0.016797789603975044,TFT,True
FOODS_3_587_TX_2,2.6747413256599173,0.7836346201110457,0.8466741491446917,-0.06303952903364607,Global,False
FOODS_3_587_TX_3,3.116749445835503,1.0148731890914964,1.1759834269649656,-0.16111023787346923,Global,False
FOODS_3_587_WI_1,2.8911096755089445,1.5171003968471617,1.901839863847298,-0.3847394670001363,Global,False
FOODS_3_587_WI_2,2.7405233207730264,0.9656783021209904,1.1961437353128281,-0.23046543319183777,Global,False
FOODS_3_587_WI_3,1.698171390644824,1.0699664787941532,0.8464668396866426,0.22349963910751058,TFT,True
FOODS_3_607_CA_1,2.642542284893472,0.4374447291573925,0.5349157528680956,-0.09747102371070304,Global,False
FOODS_3_607_CA_3,3.0792040563072,0.7234764593571541,0.3578707445386501,0.365605714818504,TFT,True
FOODS_3_607_TX_1,2.3604882737323383,0.4909877362640326,0.4560326497294243,0.03495508653460827,TFT,True
FOODS_3_607_TX_2,3.300095891807153,0.7341513851325562,0.6044755706322532,0.12967581450030297,TFT,True
FOODS_3_607_TX_3,2.388516489002116,0.5421055250163281,0.4330880507177426,0.10901747429858555,TFT,True
FOODS_3_635_CA_1,1.3787024217392767,0.2366334761355915,0.1986719182575063,0.037961557878085195,TFT,True
FOODS_3_635_CA_2,1.5570156230018346,0.8623758069030408,0.8784600632421359,-0.01608425633909505,Global,False
FOODS_3_635_CA_3,1.2675373290070433,0.6743475321449952,0.2627508441301818,0.4115966880148134,TFT,True
FOODS_3_635_CA_4,1.4313809190532922,0.465857710305587,0.39212440405353777,0.07373330625204921,TFT,True
FOODS_3_635_TX_1,1.325708135176454,0.3984068371216034,0.27184995567771536,0.12655688144388805,TFT,True
FOODS_3_635_TX_2,1.4656576373597263,0.6460230980665113,0.4800975906867408,0.16592550737977046,TFT,True
FOODS_3_635_TX_3,1.0761133670258451,0.3189573844948337,0.29003686499599524,0.02892051949883845,TFT,True
FOODS_3_635_WI_3,1.5644976244205724,0.4999541861179747,0.3292473406003255,0.1707068455176492,TFT,True
FOODS_3_668_CA_1,1.03867798619507,0.7301510445890436,0.8376947576597507,-0.10754371307070709,Global,False
FOODS_3_668_WI_1,1.1139378050529598,0.5838268847039478,0.5528016921948533,0.031025192509094524,TFT,True
FOODS_3_668_WI_3,0.9683652269307692,0.554506579618155,0.5725164565290455,-0.01800987691089051,Global,False
FOODS_3_672_TX_2,1.5265833537014604,0.7335289477297893,0.9565433831615682,-0.2230144354317789,Global,False
FOODS_3_681_CA_1,1.6033968165376586,0.9430353299983152,0.6677364768480594,0.2752988531502558,TFT,True
FOODS_3_681_CA_3,1.293317745015264,2.135708931858976,1.038125664424033,1.0975832674349428,TFT,True
FOODS_3_681_TX_1,2.124030798535798,2.1177124417657325,1.3161077540424322,0.8016046877233003,TFT,True
FOODS_3_681_TX_2,1.89348482240016,0.956798913052908,0.8717773711657733,0.08502154188713473,TFT,True
FOODS_3_681_TX_3,2.1957804852189446,0.85527393779732,0.7215722761485587,0.1337016616487613,TFT,True
FOODS_3_681_WI_3,2.1529760930363224,1.433746949343145,1.0377655725469055,0.39598137679623946,TFT,True
FOODS_3_694_CA_1,1.0301549710512377,0.6005986754793707,0.7638691390180599,-0.16327046353868913,Global,False
FOODS_3_694_CA_3,1.1127689644683894,0.4889783332254108,0.5122780038960528,-0.023299670670642036,Global,False
FOODS_3_694_TX_1,1.2661122337683126,0.7610956288877161,0.8825014219517373,-0.12140579306402122,Global,False
FOODS_3_694_TX_2,1.089910667314382,0.6672541367956325,0.7720599679004346,-0.10480583110480213,Global,False
FOODS_3_694_TX_3,1.7242485008464583,0.7928466743731132,0.984993881301276,-0.19214720692816278,Global,False
FOODS_3_694_WI_1,1.4397415769858075,0.5608831023398148,0.5998751365570204,-0.03899203421720565,Global,False
FOODS_3_694_WI_2,1.162095215953718,0.605565156853509,0.645930491563911,-0.040365334710402045,Global,False
FOODS_3_694_WI_3,0.9032157588989091,0.7127497696884906,0.7036343134737927,0.009115456214697892,TFT,True
FOODS_3_697_CA_3,1.1429994055796502,0.7628262110359917,0.8741771466228021,-0.11135093558681042,Global,False
FOODS_3_702_CA_1,1.4760055783959605,0.5142707815773304,0.5945645415487395,-0.08029375997140908,Global,False
FOODS_3_702_CA_3,1.1179093070956778,0.5487359496550986,0.6461936598456359,-0.09745771019053728,Global,False
FOODS_3_711_CA_3,0.943158864187953,0.6706238884548879,0.5816851477711805,0.08893874068370733,TFT,True
FOODS_3_711_TX_2,1.0148903685659172,0.5062348641897797,0.5170489297471919,-0.010814065557412156,Global,False
FOODS_3_711_WI_2,1.458426286865255,1.3818001200160264,0.7023895018556119,0.6794106181604145,TFT,True
FOODS_3_711_WI_3,0.8459419341646525,0.6939559608653413,0.6365311663233015,0.05742479454203975,TFT,True
FOODS_3_714_CA_1,0.9618554518920646,0.6852996860736065,0.6910568100852131,-0.005757124011606662,Global,False
FOODS_3_714_CA_2,2.0214611883868643,1.0106579645526568,1.3651345454907873,-0.3544765809381305,Global,False
FOODS_3_714_CA_3,0.9304249964020878,0.7682531881848428,0.8595798443446183,-0.09132665615977553,Global,False
FOODS_3_714_CA_4,1.3487735334609017,0.7580708395007097,0.7281449223384449,0.029925917162264892,TFT,True
FOODS_3_714_TX_1,1.549142975649913,0.5453678224750284,0.7247594152854547,-0.17939159281042638,Global,False
FOODS_3_714_TX_2,1.2047035051792638,0.594485357849027,0.7304463900001239,-0.1359610321510969,Global,False
FOODS_3_714_TX_3,1.8503380545132688,0.7916661409614463,0.8656992139851702,-0.07403307302372397,Global,False
FOODS_3_714_WI_1,1.6107525757895047,0.7087427175437269,0.7842660723257391,-0.07552335478201222,Global,False
FOODS_3_714_WI_2,1.1758297729847742,0.5116835627602331,0.5428415348222804,-0.03115797206204729,Global,False
FOODS_3_714_WI_3,0.7473634883774315,0.3638801803004822,0.4122670283715834,-0.04838684807110122,Global,False
FOODS_3_723_CA_1,1.2247191255962335,0.7024827420122849,0.4160771758993359,0.286405566112949,TFT,True
FOODS_3_723_CA_2,1.2426265611525968,0.7526189374187439,0.6010702042852036,0.15154873313354023,TFT,True
FOODS_3_723_CA_3,1.2967497101052476,0.8256017293172591,0.5246768413342575,0.30092488798300154,TFT,True
FOODS_3_723_TX_1,1.136657906310588,0.5874655724816211,0.39836193485576804,0.18910363762585308,TFT,True
FOODS_3_723_TX_2,1.097801625602397,0.6399397094301811,0.33681170289821083,0.30312800653197025,TFT,True
FOODS_3_723_TX_3,1.212133103973968,0.7842181636962215,0.43864581463473956,0.345572349061482,TFT,True
FOODS_3_723_WI_2,1.5385242121911478,0.9454917357260956,0.6501164672369766,0.295375268489119,TFT,True
FOODS_3_723_WI_3,1.4732987429863915,0.7738409166954547,0.44794444792277927,0.3258964687726755,TFT,True
FOODS_3_734_CA_3,1.2776776882359553,0.6541348955171964,0.8907276918839532,-0.23659279636675679,Global,False
FOODS_3_739_CA_1,4.344645806547156,0.5733832239314988,0.6142875792569713,-0.04090435532547254,Global,False
FOODS_3_739_CA_2,3.3523725906839186,0.8988635043956551,0.9359206330519088,-0.03705712865625366,Global,False
FOODS_3_739_CA_3,3.255896849292461,0.8907812295108084,0.7242013142469526,0.16657991526385585,TFT,True
FOODS_3_741_CA_1,1.59638331192312,0.6084380305354676,0.631388351793212,-0.02295032125774432,Global,False
FOODS_3_741_CA_3,1.304314441256389,0.630090875771282,0.6856842929626316,-0.05559341719134958,Global,False
FOODS_3_741_TX_2,1.8881698111061396,0.3400233796286439,0.38505950806389605,-0.045036128435252176,Global,False
FOODS_3_744_CA_1,1.090698518635786,0.6526012155551131,0.7739402759545599,-0.12133906039944686,Global,False
FOODS_3_744_CA_3,1.292484472479082,0.4233958494510448,0.49741608251545005,-0.07402023306440525,Global,False
FOODS_3_746_CA_3,2.5185087037776825,0.8344434350863967,1.0624669442273738,-0.22802350914097702,Global,False
FOODS_3_752_CA_3,0.8969626122765306,0.7709457590805896,0.5321059047320266,0.23883985434856303,TFT,True
FOODS_3_752_TX_1,0.8954947655292791,0.444362198248284,0.4772247916805109,-0.032862593432226916,Global,False
FOODS_3_752_TX_2,1.1975572385410995,0.4723344694557315,0.5504937608363182,-0.07815929138058669,Global,False
FOODS_3_752_WI_2,1.076751037732102,1.2438124602846945,0.8935701733699292,0.35024228691476533,TFT,True
FOODS_3_752_WI_3,0.9985859326560368,0.7991774530210525,0.736359278065451,0.06281817495560149,TFT,True
FOODS_3_755_CA_1,1.6489233248661432,0.6558449227542671,0.7122228108592912,-0.05637788810502409,Global,False
FOODS_3_755_CA_3,1.469754714921934,0.5638717161390205,0.7404028387235654,-0.17653112258454484,Global,False
FOODS_3_756_CA_3,1.540426392599889,0.8050428822724347,0.791843576541768,0.013199305730666744,TFT,True
FOODS_3_764_CA_1,2.23580076395533,0.4992288032714852,0.5356534744408739,-0.036424671169388634,Global,False
FOODS_3_764_CA_3,2.1136569865429613,0.5393821091109764,0.8307430645263434,-0.291360955415367,Global,False
FOODS_3_764_TX_2,1.9945330127545609,0.3476960859095476,0.4162223597877836,-0.06852627387823601,Global,False
FOODS_3_764_WI_3,1.4154327858605922,0.4429340553154849,0.5659222252194376,-0.12298816990395267,Global,False
FOODS_3_767_CA_3,1.5374524368573663,0.4016725455231628,0.28412455048108287,0.11754799504207991,TFT,True
FOODS_3_769_CA_3,1.650955122150907,0.2696955048666073,0.2701076956278794,-0.0004121907612720799,Global,False
FOODS_3_785_CA_1,0.77658638644567,0.865461037944376,0.6167669232974708,0.24869411464690516,TFT,True
FOODS_3_785_CA_3,1.8143486199809344,1.0496218764812555,0.8887226539611319,0.16089922252012356,TFT,True
FOODS_3_800_TX_1,1.5447738646307756,0.3451239871834577,0.3368953529801958,0.00822863420326192,TFT,True
FOODS_3_804_CA_2,1.2923752267645998,1.1820784496672014,1.482913525432497,-0.30083507576529556,Global,False
FOODS_3_804_CA_3,1.807288196030853,0.954575400164832,0.9335466792447731,0.02102872092005892,TFT,True
FOODS_3_804_TX_2,1.6696913118475625,1.02084624760667,1.1764722380966819,-0.1556259904900119,Global,False
FOODS_3_804_TX_3,1.1830587238324697,1.3756751186036982,1.5139018877919006,-0.13822676918820243,Baseline,False
FOODS_3_804_WI_2,1.0726347598662775,0.8679965809543265,0.8827726861934508,-0.014776105239124315,Global,False
FOODS_3_804_WI_3,1.5676210481049049,0.7219650278428895,0.7946278465563374,-0.07266281871344793,Global,False
FOODS_3_808_CA_1,1.573136917538271,0.5372760254810862,0.2730383774089582,0.264237648072128,TFT,True
FOODS_3_808_CA_2,1.5285256992768728,0.6935440856225676,0.6293892625636839,0.06415482305888376,TFT,True
FOODS_3_808_CA_3,1.3018360118297547,0.8532813555750545,0.2614153941507177,0.5918659614243368,TFT,True
FOODS_3_808_CA_4,1.4319278111517115,0.4200450397894569,0.27539582434919907,0.14464921544025783,TFT,True
FOODS_3_808_TX_1,1.834743959265672,0.4695966071028056,0.36870545207579836,0.10089115502700724,TFT,True
FOODS_3_808_TX_2,1.4217948560746645,0.5535234741110695,0.3159731146771068,0.2375503594339627,TFT,True
FOODS_3_808_TX_3,1.1326040634806356,0.2730762148271433,0.27528530444821997,-0.0022090896210766875,Global,False
FOODS_3_808_WI_3,1.6382609467601088,0.9308425984973728,0.5501058074146528,0.38073679108272007,TFT,True
FOODS_3_811_CA_3,1.075783259428002,0.650612562501388,0.45539182055389754,0.19522074194749045,TFT,True
FOODS_3_811_TX_1,1.407196707396772,0.6950605815289355,0.8949157241770402,-0.19985514264810478,Global,False
FOODS_3_811_TX_2,1.5023785055300298,1.0427540169183356,1.1231805650847346,-0.08042654816639905,Global,False
FOODS_3_811_TX_3,1.1898212332469211,0.8961204663173646,1.0565865251351625,-0.16046605881779785,Global,False
FOODS_3_811_WI_2,1.7316017657363094,1.1942708346108035,0.9329456556152328,0.26132517899557073,TFT,True
FOODS_3_811_WI_3,1.1596731386225756,0.7680300732656798,0.8375839145815475,-0.06955384131586761,Global,False
FOODS_3_816_WI_2,1.3723682862910598,1.0022010155627716,0.7866915001809522,0.2155095153818194,TFT,True
HOBBIES_1_008_CA_3,0.8106655043233282,0.4666287957264684,0.566071995561752,-0.0994431998352836,Global,False
HOBBIES_1_015_CA_3,1.0304921467840036,0.784318659543166,0.8168222776765356,-0.03250361813336955,Global,False
HOBBIES_1_234_CA_3,1.95588593194631,1.474999128611468,0.9993538751170569,0.4756452534944112,TFT,True
HOBBIES_1_254_CA_3,1.2533826013788505,0.6299226818591033,0.6531037736545056,-0.023181091795402287,Global,False
HOBBIES_1_268_CA_1,0.8053310941038367,0.6354152006190597,0.544159978680372,0.09125522193868763,TFT,True
HOBBIES_1_268_CA_3,1.3384917209157696,0.3883324191872796,0.42245480625195864,-0.034122387064679016,Global,False
HOBBIES_1_341_CA_3,1.191234382057701,0.4463026981015093,0.492302630411387,-0.0459999323098777,Global,False
HOBBIES_1_348_CA_1,1.3988588505043713,0.5544160077346051,0.5351899942121993,0.019226013522405827,TFT,True
HOBBIES_1_348_CA_3,0.9066025989490024,0.3895567474962285,0.39641275287564526,-0.006856005379416774,Global,False
HOBBIES_1_371_CA_1,1.250993596001183,0.7013216867648312,0.7270244511304236,-0.02570276436559238,Global,False
HOBBIES_1_371_CA_3,1.0273281850924485,0.4302099313400057,0.48702882186424173,-0.056818890524236054,Global,False
HOUSEHOLD_1_019_CA_3,1.9398511670016485,0.6801919278910622,0.6487750566435392,0.031416871247523015,TFT,True
HOUSEHOLD_1_040_CA_3,1.0957665617508072,0.5596067500469815,0.6159204276648397,-0.056313677617858215,Global,False
HOUSEHOLD_1_083_CA_3,1.599035791091937,0.7343579338809597,0.7724262458778248,-0.03806831199686511,Global,False
HOUSEHOLD_1_083_TX_2,1.143449713398184,0.7844921905131864,0.9754910064568776,-0.19099881594369117,Global,False
HOUSEHOLD_1_096_CA_3,3.017206567627361,0.6728061984326665,0.7386962763047619,-0.06589007787209533,Global,False
HOUSEHOLD_1_110_CA_3,5.458574772923021,0.5019725239773709,0.5668363694717915,-0.06486384549442059,Global,False
HOUSEHOLD_1_110_TX_1,2.224417502454636,0.642825343811704,0.7171972574652454,-0.07437191365354145,Global,False
HOUSEHOLD_1_110_TX_2,2.8333989808689632,0.4436413994932909,0.48837232670311714,-0.04473092720982624,Global,False
HOUSEHOLD_1_110_TX_3,1.974055187730692,0.8060023260280923,0.9980328827228788,-0.19203055669478653,Global,False
HOUSEHOLD_1_110_WI_2,2.315752067532208,0.6402849667279702,0.7374144658755012,-0.097129499147531,Global,False
HOUSEHOLD_1_118_CA_3,0.9740937913937568,0.374546038187362,0.36428780143388106,0.01025823675348092,TFT,True
HOUSEHOLD_1_118_TX_3,0.6080614350931426,0.5107953687034756,0.5077136257954358,0.003081742908039864,TFT,True
HOUSEHOLD_1_151_CA_3,1.6168393582260925,0.7359388603017851,0.7049180736648495,0.031020786636935638,TFT,True
HOUSEHOLD_1_173_CA_3,0.8923366526879862,0.4405160882549177,0.44492433174853013,-0.004408243493612407,Global,False
HOUSEHOLD_1_179_CA_3,1.613427805648968,0.5906643020920894,0.6727777555595897,-0.08211345346750032,Global,False
HOUSEHOLD_1_198_CA_3,1.3466618513857906,0.8057912609477101,0.8344070758762792,-0.028615814928569017,Global,False
HOUSEHOLD_1_234_CA_3,1.4204960189049898,0.5446113108979433,0.6794017234852019,-0.13479041258725855,Global,False
HOUSEHOLD_1_234_TX_1,1.6208555268994094,0.7425155163480356,0.7264281612517601,0.016087355096275457,TFT,True
HOUSEHOLD_1_234_TX_2,1.9040694888029903,0.4985457725673304,0.7610320645039137,-0.2624862919365833,Global,False
HOUSEHOLD_1_272_CA_3,1.765660626239154,0.739795417412993,1.0874408759234804,-0.34764545851048734,Global,False
HOUSEHOLD_1_277_CA_3,1.888962270624785,0.5375990452391453,0.5382040604783077,-0.0006050152391624541,Global,False
HOUSEHOLD_1_303_CA_2,1.0635974659690046,0.402487832117728,0.32323014252515403,0.07925768959257395,TFT,True
HOUSEHOLD_1_303_CA_3,1.56125709704791,0.5262627346947335,0.5185715302789871,0.007691204415746444,TFT,True
HOUSEHOLD_1_303_TX_1,1.7032004751476453,0.6842129066338514,0.7531031471226151,-0.06889024048876369,Global,False
HOUSEHOLD_1_303_TX_2,1.446200094771493,0.61711928910457,0.6786281583036202,-0.06150886919905019,Global,False
HOUSEHOLD_1_327_CA_3,1.5382249199675586,0.5403881382523789,0.5293688903160108,0.011019247936368104,TFT,True
HOUSEHOLD_1_334_CA_3,1.900670240191452,0.6233701065450932,0.5401837760491917,0.08318633049590152,TFT,True
HOUSEHOLD_1_334_TX_1,1.4379103453995887,0.4173635091679284,0.4746565171342315,-0.0572930079663031,Global,False
HOUSEHOLD_1_334_TX_2,1.7404077220483376,1.2013689591106054,1.194899863494842,0.006469095615763365,TFT,True
HOUSEHOLD_1_334_TX_3,1.5513963390729126,0.7051180823165901,0.6803291623212994,0.02478891999529076,TFT,True
HOUSEHOLD_1_334_WI_2,1.2765511534051872,0.810157255045791,0.777277870797345,0.03287938424844594,TFT,True
HOUSEHOLD_1_334_WI_3,1.4954114349960856,0.5040911503825172,0.5255723115805084,-0.02148116119799126,Global,False
HOUSEHOLD_1_339_CA_3,1.6586116338686498,0.4343410360336584,0.4244657069233539,0.009875329110304532,TFT,True
HOUSEHOLD_1_351_CA_3,1.8456930935728484,0.5861169302892811,0.4825857551756522,0.10353117511362891,TFT,True
HOUSEHOLD_1_373_CA_3,1.3524006856159505,0.577730171503822,0.6217963872086126,-0.044066215704790634,Global,False
HOUSEHOLD_1_409_CA_3,9.46837152518099,0.8391048763677851,0.8815365427708013,-0.04243166640301621,Global,False
HOUSEHOLD_1_409_WI_2,2.2601847807878093,0.6580317886919153,0.6858942143376433,-0.02786242564572805,Global,False
HOUSEHOLD_1_418_CA_3,2.2201149454958875,1.2529833490082,0.9394022928151442,0.3135810561930559,TFT,True
HOUSEHOLD_1_418_WI_2,1.3432154600370223,0.9289016608609688,1.1103964857819864,-0.18149482492101754,Global,False
HOUSEHOLD_1_427_WI_2,1.496064685179646,0.3186435142354314,0.42858647167465147,-0.10994295743922006,Global,False
HOUSEHOLD_1_439_CA_3,1.2258458206468994,0.4289272522311366,0.4471939548377618,-0.018266702606625218,Global,False
HOUSEHOLD_1_447_CA_3,1.695096411034052,0.8004345153689373,0.8385989751937173,-0.038164459824780006,Global,False
HOUSEHOLD_1_459_CA_3,1.617405507580267,0.6634723724035568,0.589773146482249,0.07369922592130784,TFT,True
HOUSEHOLD_1_459_TX_1,1.4130830491577937,0.6029045436331953,0.623945159588646,-0.021040615955450703,Global,False
HOUSEHOLD_1_459_TX_2,1.2861001154993754,1.0042985737333248,0.9468616038679943,0.05743696986533042,TFT,True
HOUSEHOLD_1_459_TX_3,1.5285408835755507,0.731927137487929,0.7778694491361493,-0.04594231164822027,Global,False
HOUSEHOLD_1_459_WI_2,1.2673304373033494,1.0205507494747692,0.9010217055718053,0.11952904390296393,TFT,True
HOUSEHOLD_1_459_WI_3,1.3950548906852935,0.6849451628589367,0.7063979742220481,-0.02145281136311139,Global,False
HOUSEHOLD_1_465_CA_3,2.2467904811179373,1.1294338585899042,1.1430284126105466,-0.013594554020642358,Global,False
HOUSEHOLD_1_465_WI_2,1.719996004518805,0.7350695116218349,0.7112097718956158,0.02385973972621902,TFT,True
HOUSEHOLD_1_474_TX_2,0.9349440336092498,1.811030782937708,0.13974207114491738,1.6712887117927906,TFT,True
HOUSEHOLD_1_506_CA_3,1.063050412625898,0.7086332120833015,0.8797871434306297,-0.17115393134732815,Global,False
HOUSEHOLD_1_514_CA_3,39.38033937465337,0.3706230079192228,0.4135827746370998,-0.04295976671787699,Global,False
HOUSEHOLD_1_521_CA_3,1.4059983758512564,0.4611116453093025,0.5431169410161271,-0.08200529570682458,Global,False
HOUSEHOLD_1_521_TX_1,1.559822443775423,0.7376252098792222,0.7781571945720867,-0.04053198469286445,Global,False
HOUSEHOLD_1_521_TX_2,1.2259188317980796,0.7938249018980692,0.7555458190053171,0.03827908289275206,TFT,True
HOUSEHOLD_1_521_TX_3,2.245696877402345,0.7575864256063267,0.9394930093594628,-0.18190658375313606,Global,False
HOUSEHOLD_1_535_CA_3,1.081968354780793,0.4448811119909845,0.4644712151529318,-0.019590103161947314,Global,False
